model,state,cutoff_ds,ds,horizon,q,yhat,y,method,target
hgb_quantile,AK,2024-02-24,2024-02-25,1,0.1,899.6730623453111,951.0,gbrt_quantile,inpatient_beds_used
hgb_quantile,AK,2024-02-24,2024-02-25,1,0.5,952.8222926623989,951.0,gbrt_quantile,inpatient_beds_used
hgb_quantile,AK,2024-02-24,2024-02-25,1,0.9,980.502705156953,951.0,gbrt_quantile,inpatient_beds_used
hgb_quantile,AL,2024-02-24,2024-02-25,1,0.1,9723.86371178169,10049.0,gbrt_quantile,inpatient_beds_used
hgb_quantile,AL,2024-02-24,2024-02-25,1,0.5,9858.61204959241,10049.0,gbrt_quantile,inpatient_beds_used
hgb_quantile,AL,2024-02-24,2024-02-25,1,0.9,9913.867568368507,10049.0,gbrt_quantile,inpatient_beds_used
hgb_quantile,AS,2024-02-24,2024-02-25,1,0.1,83.5745977745013,97.0,gbrt_quantile,inpatient_beds_used
hgb_quantile,AS,2024-02-24,2024-02-25,1,0.5,93.40320292964549,97.0,gbrt_quantile,inpatient_beds_used
hgb_quantile,AS,2024-02-24,2024-02-25,1,0.9,101.77741328978551,97.0,gbrt_quantile,inpatient_beds_used
hgb_quantile,AZ,2024-02-24,2024-02-25,1,0.1,11014.864544664048,11409.0,gbrt_quantile,inpatient_beds_used
hgb_quantile,AZ,2024-02-24,2024-02-25,1,0.5,11240.733575564207,11409.0,gbrt_quantile,inpatient_beds_used
hgb_quantile,AZ,2024-02-24,2024-02-25,1,0.9,11652.203454617413,11409.0,gbrt_quantile,inpatient_beds_used
hgb_quantile,CO,2024-02-24,2024-02-25,1,0.1,6625.663611001071,6972.0,gbrt_quantile,inpatient_beds_used
hgb_quantile,CO,2024-02-24,2024-02-25,1,0.5,6686.452921001477,6972.0,gbrt_quantile,inpatient_beds_used
hgb_quantile,CO,2024-02-24,2024-02-25,1,0.9,6865.007706450508,6972.0,gbrt_quantile,inpatient_beds_used
hgb_quantile,CT,2024-02-24,2024-02-25,1,0.1,5676.616617931874,5813.0,gbrt_quantile,inpatient_beds_used
hgb_quantile,CT,2024-02-24,2024-02-25,1,0.5,5605.898978910199,5813.0,gbrt_quantile,inpatient_beds_used
hgb_quantile,CT,2024-02-24,2024-02-25,1,0.9,5741.854448964456,5813.0,gbrt_quantile,inpatient_beds_used
hgb_quantile,DC,2024-02-24,2024-02-25,1,0.1,2189.3130613832745,2378.0,gbrt_quantile,inpatient_beds_used
hgb_quantile,DC,2024-02-24,2024-02-25,1,0.5,2334.3913011921595,2378.0,gbrt_quantile,inpatient_beds_used
hgb_quantile,DC,2024-02-24,2024-02-25,1,0.9,2395.087994369258,2378.0,gbrt_quantile,inpatient_beds_used
hgb_quantile,DE,2024-02-24,2024-02-25,1,0.1,2005.8727472000894,2067.0,gbrt_quantile,inpatient_beds_used
hgb_quantile,DE,2024-02-24,2024-02-25,1,0.5,2028.1068520644683,2067.0,gbrt_quantile,inpatient_beds_used
hgb_quantile,DE,2024-02-24,2024-02-25,1,0.9,2042.9246334001684,2067.0,gbrt_quantile,inpatient_beds_used
hgb_quantile,FL,2024-02-24,2024-02-25,1,0.1,41207.45323790893,41848.0,gbrt_quantile,inpatient_beds_used
hgb_quantile,FL,2024-02-24,2024-02-25,1,0.5,41962.0905603718,41848.0,gbrt_quantile,inpatient_beds_used
hgb_quantile,FL,2024-02-24,2024-02-25,1,0.9,42822.63913084367,41848.0,gbrt_quantile,inpatient_beds_used
hgb_quantile,GA,2024-02-24,2024-02-25,1,0.1,16061.847143258232,16510.0,gbrt_quantile,inpatient_beds_used
hgb_quantile,GA,2024-02-24,2024-02-25,1,0.5,16136.407031133731,16510.0,gbrt_quantile,inpatient_beds_used
hgb_quantile,GA,2024-02-24,2024-02-25,1,0.9,16429.59702212193,16510.0,gbrt_quantile,inpatient_beds_used
hgb_quantile,HI,2024-02-24,2024-02-25,1,0.1,1846.561207471434,1929.0,gbrt_quantile,inpatient_beds_used
hgb_quantile,HI,2024-02-24,2024-02-25,1,0.5,1922.9615288983496,1929.0,gbrt_quantile,inpatient_beds_used
hgb_quantile,HI,2024-02-24,2024-02-25,1,0.9,1942.9086336375187,1929.0,gbrt_quantile,inpatient_beds_used
hgb_quantile,IA,2024-02-24,2024-02-25,1,0.1,4276.997279745258,4476.0,gbrt_quantile,inpatient_beds_used
hgb_quantile,IA,2024-02-24,2024-02-25,1,0.5,4483.401832098491,4476.0,gbrt_quantile,inpatient_beds_used
hgb_quantile,IA,2024-02-24,2024-02-25,1,0.9,4524.16216948163,4476.0,gbrt_quantile,inpatient_beds_used
hgb_quantile,ID,2024-02-24,2024-02-25,1,0.1,1892.265565161684,1922.0,gbrt_quantile,inpatient_beds_used
hgb_quantile,ID,2024-02-24,2024-02-25,1,0.5,1920.3250882244454,1922.0,gbrt_quantile,inpatient_beds_used
hgb_quantile,ID,2024-02-24,2024-02-25,1,0.9,1977.0149042410812,1922.0,gbrt_quantile,inpatient_beds_used
hgb_quantile,IL,2024-02-24,2024-02-25,1,0.1,18971.401256128196,19161.0,gbrt_quantile,inpatient_beds_used
hgb_quantile,IL,2024-02-24,2024-02-25,1,0.5,19167.798702805132,19161.0,gbrt_quantile,inpatient_beds_used
hgb_quantile,IL,2024-02-24,2024-02-25,1,0.9,19505.621127197348,19161.0,gbrt_quantile,inpatient_beds_used
hgb_quantile,IN,2024-02-24,2024-02-25,1,0.1,10040.275302239355,10335.0,gbrt_quantile,inpatient_beds_used
hgb_quantile,IN,2024-02-24,2024-02-25,1,0.5,10048.57892855076,10335.0,gbrt_quantile,inpatient_beds_used
hgb_quantile,IN,2024-02-24,2024-02-25,1,0.9,10318.937842251124,10335.0,gbrt_quantile,inpatient_beds_used
hgb_quantile,KS,2024-02-24,2024-02-25,1,0.1,4347.1004022163515,4312.0,gbrt_quantile,inpatient_beds_used
hgb_quantile,KS,2024-02-24,2024-02-25,1,0.5,4469.551587428845,4312.0,gbrt_quantile,inpatient_beds_used
hgb_quantile,KS,2024-02-24,2024-02-25,1,0.9,4582.4040943739055,4312.0,gbrt_quantile,inpatient_beds_used
hgb_quantile,KY,2024-02-24,2024-02-25,1,0.1,8616.491596135724,8802.0,gbrt_quantile,inpatient_beds_used
hgb_quantile,KY,2024-02-24,2024-02-25,1,0.5,8842.669877522234,8802.0,gbrt_quantile,inpatient_beds_used
hgb_quantile,KY,2024-02-24,2024-02-25,1,0.9,8957.456343365266,8802.0,gbrt_quantile,inpatient_beds_used
hgb_quantile,MA,2024-02-24,2024-02-25,1,0.1,13958.727967850975,13924.0,gbrt_quantile,inpatient_beds_used
hgb_quantile,MA,2024-02-24,2024-02-25,1,0.5,14004.688287911224,13924.0,gbrt_quantile,inpatient_beds_used
hgb_quantile,MA,2024-02-24,2024-02-25,1,0.9,13957.651869153588,13924.0,gbrt_quantile,inpatient_beds_used
hgb_quantile,MD,2024-02-24,2024-02-25,1,0.1,8035.381577455926,8375.0,gbrt_quantile,inpatient_beds_used
hgb_quantile,MD,2024-02-24,2024-02-25,1,0.5,8108.072444949787,8375.0,gbrt_quantile,inpatient_beds_used
hgb_quantile,MD,2024-02-24,2024-02-25,1,0.9,8347.8846587652,8375.0,gbrt_quantile,inpatient_beds_used
hgb_quantile,ME,2024-02-24,2024-02-25,1,0.1,2096.124540266451,2152.0,gbrt_quantile,inpatient_beds_used
hgb_quantile,ME,2024-02-24,2024-02-25,1,0.5,2171.037131296225,2152.0,gbrt_quantile,inpatient_beds_used
hgb_quantile,ME,2024-02-24,2024-02-25,1,0.9,2153.1935366818084,2152.0,gbrt_quantile,inpatient_beds_used
hgb_quantile,MI,2024-02-24,2024-02-25,1,0.1,16069.694006148598,16517.0,gbrt_quantile,inpatient_beds_used
hgb_quantile,MI,2024-02-24,2024-02-25,1,0.5,16151.80184210901,16517.0,gbrt_quantile,inpatient_beds_used
hgb_quantile,MI,2024-02-24,2024-02-25,1,0.9,16570.467713649952,16517.0,gbrt_quantile,inpatient_beds_used
hgb_quantile,MN,2024-02-24,2024-02-25,1,0.1,7405.171673949758,7476.0,gbrt_quantile,inpatient_beds_used
hgb_quantile,MN,2024-02-24,2024-02-25,1,0.5,7666.398448687538,7476.0,gbrt_quantile,inpatient_beds_used
hgb_quantile,MN,2024-02-24,2024-02-25,1,0.9,7721.04997000209,7476.0,gbrt_quantile,inpatient_beds_used
hgb_quantile,MO,2024-02-24,2024-02-25,1,0.1,11564.100150704857,11633.0,gbrt_quantile,inpatient_beds_used
hgb_quantile,MO,2024-02-24,2024-02-25,1,0.5,11684.018477933563,11633.0,gbrt_quantile,inpatient_beds_used
hgb_quantile,MO,2024-02-24,2024-02-25,1,0.9,11749.511590583534,11633.0,gbrt_quantile,inpatient_beds_used
hgb_quantile,MS,2024-02-24,2024-02-25,1,0.1,4805.315863812819,5024.0,gbrt_quantile,inpatient_beds_used
hgb_quantile,MS,2024-02-24,2024-02-25,1,0.5,4957.435006737211,5024.0,gbrt_quantile,inpatient_beds_used
hgb_quantile,MS,2024-02-24,2024-02-25,1,0.9,5065.871841014981,5024.0,gbrt_quantile,inpatient_beds_used
hgb_quantile,MT,2024-02-24,2024-02-25,1,0.1,1495.0447163927452,1580.0,gbrt_quantile,inpatient_beds_used
hgb_quantile,MT,2024-02-24,2024-02-25,1,0.5,1632.2499376893466,1580.0,gbrt_quantile,inpatient_beds_used
hgb_quantile,MT,2024-02-24,2024-02-25,1,0.9,1648.794657267991,1580.0,gbrt_quantile,inpatient_beds_used
hgb_quantile,NC,2024-02-24,2024-02-25,1,0.1,15924.67345218956,16375.0,gbrt_quantile,inpatient_beds_used
hgb_quantile,NC,2024-02-24,2024-02-25,1,0.5,16209.398677534893,16375.0,gbrt_quantile,inpatient_beds_used
hgb_quantile,NC,2024-02-24,2024-02-25,1,0.9,16604.859317477523,16375.0,gbrt_quantile,inpatient_beds_used
hgb_quantile,ND,2024-02-24,2024-02-25,1,0.1,1265.3049304717397,1301.0,gbrt_quantile,inpatient_beds_used
hgb_quantile,ND,2024-02-24,2024-02-25,1,0.5,1326.5556702550964,1301.0,gbrt_quantile,inpatient_beds_used
hgb_quantile,ND,2024-02-24,2024-02-25,1,0.9,1326.6315873852889,1301.0,gbrt_quantile,inpatient_beds_used
hgb_quantile,NE,2024-02-24,2024-02-25,1,0.1,3223.3552207462503,3285.0,gbrt_quantile,inpatient_beds_used
hgb_quantile,NE,2024-02-24,2024-02-25,1,0.5,3246.9739356660034,3285.0,gbrt_quantile,inpatient_beds_used
hgb_quantile,NE,2024-02-24,2024-02-25,1,0.9,3382.7545505395606,3285.0,gbrt_quantile,inpatient_beds_used
hgb_quantile,NH,2024-02-24,2024-02-25,1,0.1,2001.3611031302291,2052.0,gbrt_quantile,inpatient_beds_used
hgb_quantile,NH,2024-02-24,2024-02-25,1,0.5,2062.141334251755,2052.0,gbrt_quantile,inpatient_beds_used
hgb_quantile,NH,2024-02-24,2024-02-25,1,0.9,2099.3821200154734,2052.0,gbrt_quantile,inpatient_beds_used
hgb_quantile,NJ,2024-02-24,2024-02-25,1,0.1,15068.535171598429,15496.0,gbrt_quantile,inpatient_beds_used
hgb_quantile,NJ,2024-02-24,2024-02-25,1,0.5,15290.035290050544,15496.0,gbrt_quantile,inpatient_beds_used
hgb_quantile,NJ,2024-02-24,2024-02-25,1,0.9,16637.278173019306,15496.0,gbrt_quantile,inpatient_beds_used
hgb_quantile,NM,2024-02-24,2024-02-25,1,0.1,3246.913769107668,3342.0,gbrt_quantile,inpatient_beds_used
hgb_quantile,NM,2024-02-24,2024-02-25,1,0.5,3241.340520953969,3342.0,gbrt_quantile,inpatient_beds_used
hgb_quantile,NM,2024-02-24,2024-02-25,1,0.9,3335.3045921562634,3342.0,gbrt_quantile,inpatient_beds_used
hgb_quantile,NY,2024-02-24,2024-02-25,1,0.1,34905.46657660976,35649.0,gbrt_quantile,inpatient_beds_used
hgb_quantile,NY,2024-02-24,2024-02-25,1,0.5,35443.72804889976,35649.0,gbrt_quantile,inpatient_beds_used
hgb_quantile,NY,2024-02-24,2024-02-25,1,0.9,36152.779803092664,35649.0,gbrt_quantile,inpatient_beds_used
hgb_quantile,OH,2024-02-24,2024-02-25,1,0.1,20002.692150619197,20492.0,gbrt_quantile,inpatient_beds_used
hgb_quantile,OH,2024-02-24,2024-02-25,1,0.5,20253.051670360328,20492.0,gbrt_quantile,inpatient_beds_used
hgb_quantile,OH,2024-02-24,2024-02-25,1,0.9,20663.04470560912,20492.0,gbrt_quantile,inpatient_beds_used
hgb_quantile,OK,2024-02-24,2024-02-25,1,0.1,5606.49168646043,5654.0,gbrt_quantile,inpatient_beds_used
hgb_quantile,OK,2024-02-24,2024-02-25,1,0.5,5638.57553538758,5654.0,gbrt_quantile,inpatient_beds_used
hgb_quantile,OK,2024-02-24,2024-02-25,1,0.9,5881.938569900787,5654.0,gbrt_quantile,inpatient_beds_used
hgb_quantile,OR,2024-02-24,2024-02-25,1,0.1,4931.349118707245,5062.0,gbrt_quantile,inpatient_beds_used
hgb_quantile,OR,2024-02-24,2024-02-25,1,0.5,5136.889202236454,5062.0,gbrt_quantile,inpatient_beds_used
hgb_quantile,OR,2024-02-24,2024-02-25,1,0.9,5172.816426187196,5062.0,gbrt_quantile,inpatient_beds_used
hgb_quantile,PA,2024-02-24,2024-02-25,1,0.1,23021.52950586975,23360.0,gbrt_quantile,inpatient_beds_used
hgb_quantile,PA,2024-02-24,2024-02-25,1,0.5,23149.366131092596,23360.0,gbrt_quantile,inpatient_beds_used
hgb_quantile,PA,2024-02-24,2024-02-25,1,0.9,23430.14824792775,23360.0,gbrt_quantile,inpatient_beds_used
hgb_quantile,RI,2024-02-24,2024-02-25,1,0.1,1839.2060438480419,1913.0,gbrt_quantile,inpatient_beds_used
hgb_quantile,RI,2024-02-24,2024-02-25,1,0.5,1896.2024069288987,1913.0,gbrt_quantile,inpatient_beds_used
hgb_quantile,RI,2024-02-24,2024-02-25,1,0.9,1913.6962749039342,1913.0,gbrt_quantile,inpatient_beds_used
hgb_quantile,SC,2024-02-24,2024-02-25,1,0.1,7223.932589313014,7690.0,gbrt_quantile,inpatient_beds_used
hgb_quantile,SC,2024-02-24,2024-02-25,1,0.5,7509.946651755647,7690.0,gbrt_quantile,inpatient_beds_used
hgb_quantile,SC,2024-02-24,2024-02-25,1,0.9,7661.106675308114,7690.0,gbrt_quantile,inpatient_beds_used
hgb_quantile,SD,2024-02-24,2024-02-25,1,0.1,1346.8490632508624,1396.0,gbrt_quantile,inpatient_beds_used
hgb_quantile,SD,2024-02-24,2024-02-25,1,0.5,1373.5129332918893,1396.0,gbrt_quantile,inpatient_beds_used
hgb_quantile,SD,2024-02-24,2024-02-25,1,0.9,1416.1415596301108,1396.0,gbrt_quantile,inpatient_beds_used
hgb_quantile,TN,2024-02-24,2024-02-25,1,0.1,14303.677653681496,14764.0,gbrt_quantile,inpatient_beds_used
hgb_quantile,TN,2024-02-24,2024-02-25,1,0.5,14404.349527245868,14764.0,gbrt_quantile,inpatient_beds_used
hgb_quantile,TN,2024-02-24,2024-02-25,1,0.9,14693.196790133472,14764.0,gbrt_quantile,inpatient_beds_used
hgb_quantile,TX,2024-02-24,2024-02-25,1,0.1,42878.97215389118,43232.0,gbrt_quantile,inpatient_beds_used
hgb_quantile,TX,2024-02-24,2024-02-25,1,0.5,43042.839202663235,43232.0,gbrt_quantile,inpatient_beds_used
hgb_quantile,TX,2024-02-24,2024-02-25,1,0.9,43333.62379828125,43232.0,gbrt_quantile,inpatient_beds_used
hgb_quantile,VA,2024-02-24,2024-02-25,1,0.1,11478.224785851113,11688.0,gbrt_quantile,inpatient_beds_used
hgb_quantile,VA,2024-02-24,2024-02-25,1,0.5,11620.722680042496,11688.0,gbrt_quantile,inpatient_beds_used
hgb_quantile,VA,2024-02-24,2024-02-25,1,0.9,11725.435350700858,11688.0,gbrt_quantile,inpatient_beds_used
hgb_quantile,VI,2024-02-24,2024-02-25,1,0.1,100.77414346768022,125.0,gbrt_quantile,inpatient_beds_used
hgb_quantile,VI,2024-02-24,2024-02-25,1,0.5,114.78601510173486,125.0,gbrt_quantile,inpatient_beds_used
hgb_quantile,VI,2024-02-24,2024-02-25,1,0.9,165.69184062985957,125.0,gbrt_quantile,inpatient_beds_used
hgb_quantile,VT,2024-02-24,2024-02-25,1,0.1,759.3898204327619,829.0,gbrt_quantile,inpatient_beds_used
hgb_quantile,VT,2024-02-24,2024-02-25,1,0.5,812.3071001684287,829.0,gbrt_quantile,inpatient_beds_used
hgb_quantile,VT,2024-02-24,2024-02-25,1,0.9,821.3556910731098,829.0,gbrt_quantile,inpatient_beds_used
hgb_quantile,WA,2024-02-24,2024-02-25,1,0.1,9508.79770014048,9710.0,gbrt_quantile,inpatient_beds_used
hgb_quantile,WA,2024-02-24,2024-02-25,1,0.5,9588.298418148333,9710.0,gbrt_quantile,inpatient_beds_used
hgb_quantile,WA,2024-02-24,2024-02-25,1,0.9,9823.388350251773,9710.0,gbrt_quantile,inpatient_beds_used
hgb_quantile,WI,2024-02-24,2024-02-25,1,0.1,7856.411789699191,7885.0,gbrt_quantile,inpatient_beds_used
hgb_quantile,WI,2024-02-24,2024-02-25,1,0.5,7985.302319887497,7885.0,gbrt_quantile,inpatient_beds_used
hgb_quantile,WI,2024-02-24,2024-02-25,1,0.9,8114.119512512291,7885.0,gbrt_quantile,inpatient_beds_used
hgb_quantile,WY,2024-02-24,2024-02-25,1,0.1,542.2781120357528,540.0,gbrt_quantile,inpatient_beds_used
hgb_quantile,WY,2024-02-24,2024-02-25,1,0.5,552.1875813789212,540.0,gbrt_quantile,inpatient_beds_used
hgb_quantile,WY,2024-02-24,2024-02-25,1,0.9,576.1794450821458,540.0,gbrt_quantile,inpatient_beds_used
hgb_quantile,AK,2024-03-02,2024-03-03,1,0.1,897.4587702314901,917.0,gbrt_quantile,inpatient_beds_used
hgb_quantile,AK,2024-03-02,2024-03-03,1,0.5,944.3240171217321,917.0,gbrt_quantile,inpatient_beds_used
hgb_quantile,AK,2024-03-02,2024-03-03,1,0.9,978.8504091175812,917.0,gbrt_quantile,inpatient_beds_used
hgb_quantile,AL,2024-03-02,2024-03-03,1,0.1,9677.34641370949,9935.0,gbrt_quantile,inpatient_beds_used
hgb_quantile,AL,2024-03-02,2024-03-03,1,0.5,9752.702965334724,9935.0,gbrt_quantile,inpatient_beds_used
hgb_quantile,AL,2024-03-02,2024-03-03,1,0.9,9950.416137743172,9935.0,gbrt_quantile,inpatient_beds_used
hgb_quantile,AS,2024-03-02,2024-03-03,1,0.1,78.58035992932228,87.0,gbrt_quantile,inpatient_beds_used
hgb_quantile,AS,2024-03-02,2024-03-03,1,0.5,85.42080511778519,87.0,gbrt_quantile,inpatient_beds_used
hgb_quantile,AS,2024-03-02,2024-03-03,1,0.9,89.9921301371456,87.0,gbrt_quantile,inpatient_beds_used
hgb_quantile,AZ,2024-03-02,2024-03-03,1,0.1,11284.417562202865,10935.0,gbrt_quantile,inpatient_beds_used
hgb_quantile,AZ,2024-03-02,2024-03-03,1,0.5,11526.273560909603,10935.0,gbrt_quantile,inpatient_beds_used
hgb_quantile,AZ,2024-03-02,2024-03-03,1,0.9,11568.96980805998,10935.0,gbrt_quantile,inpatient_beds_used
hgb_quantile,CO,2024-03-02,2024-03-03,1,0.1,6443.779669416836,6839.0,gbrt_quantile,inpatient_beds_used
hgb_quantile,CO,2024-03-02,2024-03-03,1,0.5,6622.339137361587,6839.0,gbrt_quantile,inpatient_beds_used
hgb_quantile,CO,2024-03-02,2024-03-03,1,0.9,6727.415934033968,6839.0,gbrt_quantile,inpatient_beds_used
hgb_quantile,CT,2024-03-02,2024-03-03,1,0.1,5543.566664637103,5668.0,gbrt_quantile,inpatient_beds_used
hgb_quantile,CT,2024-03-02,2024-03-03,1,0.5,5646.890760830386,5668.0,gbrt_quantile,inpatient_beds_used
hgb_quantile,CT,2024-03-02,2024-03-03,1,0.9,5679.837386287328,5668.0,gbrt_quantile,inpatient_beds_used
hgb_quantile,DC,2024-03-02,2024-03-03,1,0.1,2222.8254651031375,2335.0,gbrt_quantile,inpatient_beds_used
hgb_quantile,DC,2024-03-02,2024-03-03,1,0.5,2326.644880383237,2335.0,gbrt_quantile,inpatient_beds_used
hgb_quantile,DC,2024-03-02,2024-03-03,1,0.9,2373.2921428202553,2335.0,gbrt_quantile,inpatient_beds_used
hgb_quantile,DE,2024-03-02,2024-03-03,1,0.1,2005.6266885827838,2094.0,gbrt_quantile,inpatient_beds_used
hgb_quantile,DE,2024-03-02,2024-03-03,1,0.5,2073.236573864101,2094.0,gbrt_quantile,inpatient_beds_used
hgb_quantile,DE,2024-03-02,2024-03-03,1,0.9,2135.38946385564,2094.0,gbrt_quantile,inpatient_beds_used
hgb_quantile,FL,2024-03-02,2024-03-03,1,0.1,41702.5465922721,41778.0,gbrt_quantile,inpatient_beds_used
hgb_quantile,FL,2024-03-02,2024-03-03,1,0.5,41949.58082174862,41778.0,gbrt_quantile,inpatient_beds_used
hgb_quantile,FL,2024-03-02,2024-03-03,1,0.9,42625.9870831478,41778.0,gbrt_quantile,inpatient_beds_used
hgb_quantile,GA,2024-03-02,2024-03-03,1,0.1,15964.237295774305,16232.0,gbrt_quantile,inpatient_beds_used
hgb_quantile,GA,2024-03-02,2024-03-03,1,0.5,16201.943431503212,16232.0,gbrt_quantile,inpatient_beds_used
hgb_quantile,GA,2024-03-02,2024-03-03,1,0.9,16400.53305874525,16232.0,gbrt_quantile,inpatient_beds_used
hgb_quantile,HI,2024-03-02,2024-03-03,1,0.1,1859.74898931954,1893.0,gbrt_quantile,inpatient_beds_used
hgb_quantile,HI,2024-03-02,2024-03-03,1,0.5,1907.8018528610883,1893.0,gbrt_quantile,inpatient_beds_used
hgb_quantile,HI,2024-03-02,2024-03-03,1,0.9,1925.8673886214253,1893.0,gbrt_quantile,inpatient_beds_used
hgb_quantile,IA,2024-03-02,2024-03-03,1,0.1,4253.052545900127,4343.0,gbrt_quantile,inpatient_beds_used
hgb_quantile,IA,2024-03-02,2024-03-03,1,0.5,4362.025693687527,4343.0,gbrt_quantile,inpatient_beds_used
hgb_quantile,IA,2024-03-02,2024-03-03,1,0.9,4478.194674007684,4343.0,gbrt_quantile,inpatient_beds_used
hgb_quantile,ID,2024-03-02,2024-03-03,1,0.1,1877.2055087203694,1911.0,gbrt_quantile,inpatient_beds_used
hgb_quantile,ID,2024-03-02,2024-03-03,1,0.5,1914.9768663643524,1911.0,gbrt_quantile,inpatient_beds_used
hgb_quantile,ID,2024-03-02,2024-03-03,1,0.9,1977.1652544080569,1911.0,gbrt_quantile,inpatient_beds_used
hgb_quantile,IL,2024-03-02,2024-03-03,1,0.1,18819.685794734272,18752.0,gbrt_quantile,inpatient_beds_used
hgb_quantile,IL,2024-03-02,2024-03-03,1,0.5,18818.819241617537,18752.0,gbrt_quantile,inpatient_beds_used
hgb_quantile,IL,2024-03-02,2024-03-03,1,0.9,18928.57358283331,18752.0,gbrt_quantile,inpatient_beds_used
hgb_quantile,IN,2024-03-02,2024-03-03,1,0.1,9935.04072546811,10135.0,gbrt_quantile,inpatient_beds_used
hgb_quantile,IN,2024-03-02,2024-03-03,1,0.5,10106.976511263068,10135.0,gbrt_quantile,inpatient_beds_used
hgb_quantile,IN,2024-03-02,2024-03-03,1,0.9,10463.109000787717,10135.0,gbrt_quantile,inpatient_beds_used
hgb_quantile,KS,2024-03-02,2024-03-03,1,0.1,4399.107653140787,4262.0,gbrt_quantile,inpatient_beds_used
hgb_quantile,KS,2024-03-02,2024-03-03,1,0.5,4500.442431111649,4262.0,gbrt_quantile,inpatient_beds_used
hgb_quantile,KS,2024-03-02,2024-03-03,1,0.9,4588.724856112264,4262.0,gbrt_quantile,inpatient_beds_used
hgb_quantile,KY,2024-03-02,2024-03-03,1,0.1,8436.191574123231,8756.0,gbrt_quantile,inpatient_beds_used
hgb_quantile,KY,2024-03-02,2024-03-03,1,0.5,8619.298783488619,8756.0,gbrt_quantile,inpatient_beds_used
hgb_quantile,KY,2024-03-02,2024-03-03,1,0.9,8836.168657129549,8756.0,gbrt_quantile,inpatient_beds_used
hgb_quantile,MA,2024-03-02,2024-03-03,1,0.1,13943.55643273049,13905.0,gbrt_quantile,inpatient_beds_used
hgb_quantile,MA,2024-03-02,2024-03-03,1,0.5,13948.542772747496,13905.0,gbrt_quantile,inpatient_beds_used
hgb_quantile,MA,2024-03-02,2024-03-03,1,0.9,14161.112363594584,13905.0,gbrt_quantile,inpatient_beds_used
hgb_quantile,MD,2024-03-02,2024-03-03,1,0.1,8100.862185123078,8210.0,gbrt_quantile,inpatient_beds_used
hgb_quantile,MD,2024-03-02,2024-03-03,1,0.5,8294.98017184127,8210.0,gbrt_quantile,inpatient_beds_used
hgb_quantile,MD,2024-03-02,2024-03-03,1,0.9,8360.654541951224,8210.0,gbrt_quantile,inpatient_beds_used
hgb_quantile,ME,2024-03-02,2024-03-03,1,0.1,2036.8834595297865,2112.0,gbrt_quantile,inpatient_beds_used
hgb_quantile,ME,2024-03-02,2024-03-03,1,0.5,2098.0488145420895,2112.0,gbrt_quantile,inpatient_beds_used
